username,password
loadtest_001@test.com,TestPass@123
loadtest_002@test.com,TestPass@123
loadtest_003@test.com,TestPass@123
loadtest_004@test.com,TestPass@123
loadtest_005@test.com,TestPass@123
loadtest_006@test.com,TestPass@123
loadtest_007@test.com,TestPass@123
loadtest_008@test.com,TestPass@123
loadtest_009@test.com,TestPass@123
loadtest_010@test.com,TestPass@123
loadtest_011@test.com,TestPass@123
loadtest_012@test.com,TestPass@123
loadtest_013@test.com,TestPass@123
loadtest_014@test.com,TestPass@123
loadtest_015@test.com,TestPass@123
loadtest_016@test.com,TestPass@123
loadtest_017@test.com,TestPass@123
loadtest_018@test.com,TestPass@123
loadtest_019@test.com,TestPass@123
loadtest_020@test.com,TestPass@123
loadtest_021@test.com,TestPass@123
loadtest_022@test.com,TestPass@123
loadtest_023@test.com,TestPass@123
loadtest_024@test.com,TestPass@123
loadtest_025@test.com,TestPass@123
loadtest_026@test.com,TestPass@123
loadtest_027@test.com,TestPass@123
loadtest_028@test.com,TestPass@123
loadtest_029@test.com,TestPass@123
loadtest_030@test.com,TestPass@123
loadtest_031@test.com,TestPass@123
loadtest_032@test.com,TestPass@123
loadtest_033@test.com,TestPass@123
loadtest_034@test.com,TestPass@123
loadtest_035@test.com,TestPass@123
loadtest_036@test.com,TestPass@123
loadtest_037@test.com,TestPass@123
loadtest_038@test.com,TestPass@123
loadtest_039@test.com,TestPass@123
loadtest_040@test.com,TestPass@123
loadtest_041@test.com,TestPass@123
loadtest_042@test.com,TestPass@123
loadtest_043@test.com,TestPass@123
loadtest_044@test.com,TestPass@123
loadtest_045@test.com,TestPass@123
loadtest_046@test.com,TestPass@123
loadtest_047@test.com,TestPass@123
loadtest_048@test.com,TestPass@123
loadtest_049@test.com,TestPass@123
loadtest_050@test.com,TestPass@123
loadtest_051@test.com,TestPass@123
loadtest_052@test.com,TestPass@123
loadtest_053@test.com,TestPass@123
loadtest_054@test.com,TestPass@123
loadtest_055@test.com,TestPass@123
loadtest_056@test.com,TestPass@123
loadtest_057@test.com,TestPass@123
loadtest_058@test.com,TestPass@123
loadtest_059@test.com,TestPass@123
loadtest_060@test.com,TestPass@123
loadtest_061@test.com,TestPass@123
loadtest_062@test.com,TestPass@123
loadtest_063@test.com,TestPass@123
loadtest_064@test.com,TestPass@123
loadtest_065@test.com,TestPass@123
loadtest_066@test.com,TestPass@123
loadtest_067@test.com,TestPass@123
loadtest_068@test.com,TestPass@123
loadtest_069@test.com,TestPass@123
loadtest_070@test.com,TestPass@123
loadtest_071@test.com,TestPass@123
loadtest_072@test.com,TestPass@123
loadtest_073@test.com,TestPass@123
loadtest_074@test.com,TestPass@123
loadtest_075@test.com,TestPass@123
loadtest_076@test.com,TestPass@123
loadtest_077@test.com,TestPass@123
loadtest_078@test.com,TestPass@123
loadtest_079@test.com,TestPass@123
loadtest_080@test.com,TestPass@123
loadtest_081@test.com,TestPass@123
loadtest_082@test.com,TestPass@123
loadtest_083@test.com,TestPass@123
loadtest_084@test.com,TestPass@123
loadtest_085@test.com,TestPass@123
loadtest_086@test.com,TestPass@123
loadtest_087@test.com,TestPass@123
loadtest_088@test.com,TestPass@123
loadtest_089@test.com,TestPass@123
loadtest_090@test.com,TestPass@123
loadtest_091@test.com,TestPass@123
loadtest_092@test.com,TestPass@123
loadtest_093@test.com,TestPass@123
loadtest_094@test.com,TestPass@123
loadtest_095@test.com,TestPass@123
loadtest_096@test.com,TestPass@123
loadtest_097@test.com,TestPass@123
loadtest_098@test.com,TestPass@123
loadtest_099@test.com,TestPass@123
loadtest_100@test.com,TestPass@123